aria-disabled,aria-label
,
,
,
,
true,"1, Thursday, August 2024. Past dates can’t be selected. "
true,"2, Friday, August 2024. Past dates can’t be selected. "
true,"3, Saturday, August 2024. Past dates can’t be selected. "
true,"4, Sunday, August 2024. Past dates can’t be selected. "
true,"5, Monday, August 2024. Past dates can’t be selected. "
true,"6, Tuesday, August 2024. Past dates can’t be selected. "
true,"7, Wednesday, August 2024. Past dates can’t be selected. "
true,"8, Thursday, August 2024. Past dates can’t be selected. "
true,"9, Friday, August 2024. Past dates can’t be selected. "
true,"10, Saturday, August 2024. Past dates can’t be selected. "
true,"11, Sunday, August 2024. Past dates can’t be selected. "
true,"12, Monday, August 2024. Past dates can’t be selected. "
true,"13, Tuesday, August 2024. Past dates can’t be selected. "
true,"14, Wednesday, August 2024. Past dates can’t be selected. "
true,"15, Thursday, August 2024. Past dates can’t be selected. "
true,"16, Friday, August 2024. Past dates can’t be selected. "
true,"17, Saturday, August 2024. Past dates can’t be selected. "
true,"18, Sunday, August 2024. Past dates can’t be selected. "
true,"19, Monday, August 2024. Past dates can’t be selected. "
true,"20, Tuesday, August 2024. Past dates can’t be selected. "
true,"21, Wednesday, August 2024. Past dates can’t be selected. "
true,"22, Thursday, August 2024. Past dates can’t be selected. "
true,"23, Friday, August 2024. Past dates can’t be selected. "
true,"24, Saturday, August 2024. Past dates can’t be selected. "
true,"25, Sunday, August 2024. Past dates can’t be selected. "
true,"26, Monday, August 2024. Past dates can’t be selected. "
true,"27, Tuesday, August 2024. Past dates can’t be selected. "
true,"28, Wednesday, August 2024. Past dates can’t be selected. "
true,"29, Thursday, August 2024. Past dates can’t be selected. "
true,"30, Friday, August 2024. Past dates can’t be selected. "
true,"31, Saturday, August 2024. Past dates can’t be selected. "
,
,
,
,
true,"1, Thursday, August 2024. Past dates can’t be selected. "
true,"2, Friday, August 2024. Past dates can’t be selected. "
true,"3, Saturday, August 2024. Past dates can’t be selected. "
true,"4, Sunday, August 2024. Past dates can’t be selected. "
true,"5, Monday, August 2024. Past dates can’t be selected. "
true,"6, Tuesday, August 2024. Past dates can’t be selected. "
true,"7, Wednesday, August 2024. Past dates can’t be selected. "
true,"8, Thursday, August 2024. Past dates can’t be selected. "
true,"9, Friday, August 2024. Past dates can’t be selected. "
true,"10, Saturday, August 2024. Past dates can’t be selected. "
true,"11, Sunday, August 2024. Past dates can’t be selected. "
true,"12, Monday, August 2024. Past dates can’t be selected. "
true,"13, Tuesday, August 2024. Past dates can’t be selected. "
true,"14, Wednesday, August 2024. Past dates can’t be selected. "
true,"15, Thursday, August 2024. Past dates can’t be selected. "
true,"16, Friday, August 2024. Past dates can’t be selected. "
true,"17, Saturday, August 2024. Past dates can’t be selected. "
true,"18, Sunday, August 2024. Past dates can’t be selected. "
true,"19, Monday, August 2024. Past dates can’t be selected. "
true,"20, Tuesday, August 2024. Past dates can’t be selected. "
true,"21, Wednesday, August 2024. Past dates can’t be selected. "
true,"22, Thursday, August 2024. Past dates can’t be selected. "
true,"23, Friday, August 2024. Past dates can’t be selected. "
true,"24, Saturday, August 2024. Past dates can’t be selected. "
true,"25, Sunday, August 2024. Past dates can’t be selected. "
true,"26, Monday, August 2024. Past dates can’t be selected. "
true,"27, Tuesday, August 2024. Past dates can’t be selected. "
true,"28, Wednesday, August 2024. Past dates can’t be selected. "
true,"29, Thursday, August 2024. Past dates can’t be selected. "
true,"30, Friday, August 2024. Past dates can’t be selected. "
true,"31, Saturday, August 2024. Past dates can’t be selected. "
,
,
,
,
true,"1, Thursday, August 2024. Past dates can’t be selected. "
true,"2, Friday, August 2024. Past dates can’t be selected. "
true,"3, Saturday, August 2024. Past dates can’t be selected. "
true,"4, Sunday, August 2024. Past dates can’t be selected. "
true,"5, Monday, August 2024. Past dates can’t be selected. "
true,"6, Tuesday, August 2024. Past dates can’t be selected. "
true,"7, Wednesday, August 2024. Past dates can’t be selected. "
true,"8, Thursday, August 2024. Past dates can’t be selected. "
true,"9, Friday, August 2024. Past dates can’t be selected. "
true,"10, Saturday, August 2024. Past dates can’t be selected. "
true,"11, Sunday, August 2024. Past dates can’t be selected. "
true,"12, Monday, August 2024. Past dates can’t be selected. "
true,"13, Tuesday, August 2024. Past dates can’t be selected. "
true,"14, Wednesday, August 2024. Past dates can’t be selected. "
true,"15, Thursday, August 2024. Past dates can’t be selected. "
true,"16, Friday, August 2024. Past dates can’t be selected. "
true,"17, Saturday, August 2024. Past dates can’t be selected. "
true,"18, Sunday, August 2024. Past dates can’t be selected. "
true,"19, Monday, August 2024. Past dates can’t be selected. "
true,"20, Tuesday, August 2024. Past dates can’t be selected. "
true,"21, Wednesday, August 2024. Past dates can’t be selected. "
true,"22, Thursday, August 2024. Past dates can’t be selected. "
true,"23, Friday, August 2024. Past dates can’t be selected. "
true,"24, Saturday, August 2024. Past dates can’t be selected. "
true,"25, Sunday, August 2024. Past dates can’t be selected. "
true,"26, Monday, August 2024. Past dates can’t be selected. "
true,"27, Tuesday, August 2024. Past dates can’t be selected. "
true,"28, Wednesday, August 2024. Past dates can’t be selected. "
true,"29, Thursday, August 2024. Past dates can’t be selected. "
true,"30, Friday, August 2024. Past dates can’t be selected. "
true,"31, Saturday, August 2024. Past dates can’t be selected. "
,
,
,
,
true,"1, Thursday, August 2024. Past dates can’t be selected. "
true,"2, Friday, August 2024. Past dates can’t be selected. "
true,"3, Saturday, August 2024. Past dates can’t be selected. "
true,"4, Sunday, August 2024. Past dates can’t be selected. "
true,"5, Monday, August 2024. Past dates can’t be selected. "
true,"6, Tuesday, August 2024. Past dates can’t be selected. "
true,"7, Wednesday, August 2024. Past dates can’t be selected. "
true,"8, Thursday, August 2024. Past dates can’t be selected. "
true,"9, Friday, August 2024. Past dates can’t be selected. "
true,"10, Saturday, August 2024. Past dates can’t be selected. "
true,"11, Sunday, August 2024. Past dates can’t be selected. "
true,"12, Monday, August 2024. Past dates can’t be selected. "
true,"13, Tuesday, August 2024. Past dates can’t be selected. "
true,"14, Wednesday, August 2024. Past dates can’t be selected. "
true,"15, Thursday, August 2024. Past dates can’t be selected. "
true,"16, Friday, August 2024. Past dates can’t be selected. "
true,"17, Saturday, August 2024. Past dates can’t be selected. "
true,"18, Sunday, August 2024. Past dates can’t be selected. "
true,"19, Monday, August 2024. Past dates can’t be selected. "
true,"20, Tuesday, August 2024. Past dates can’t be selected. "
true,"21, Wednesday, August 2024. Past dates can’t be selected. "
true,"22, Thursday, August 2024. Past dates can’t be selected. "
true,"23, Friday, August 2024. Past dates can’t be selected. "
true,"24, Saturday, August 2024. Past dates can’t be selected. "
true,"25, Sunday, August 2024. Past dates can’t be selected. "
true,"26, Monday, August 2024. Past dates can’t be selected. "
true,"27, Tuesday, August 2024. Past dates can’t be selected. "
true,"28, Wednesday, August 2024. Past dates can’t be selected. "
true,"29, Thursday, August 2024. Past dates can’t be selected. "
true,"30, Friday, August 2024. Past dates can’t be selected. "
true,"31, Saturday, August 2024. Past dates can’t be selected. "
,
,
,
,
true,"1, Thursday, August 2024. Past dates can’t be selected. "
true,"2, Friday, August 2024. Past dates can’t be selected. "
true,"3, Saturday, August 2024. Past dates can’t be selected. "
true,"4, Sunday, August 2024. Past dates can’t be selected. "
true,"5, Monday, August 2024. Past dates can’t be selected. "
true,"6, Tuesday, August 2024. Past dates can’t be selected. "
true,"7, Wednesday, August 2024. Past dates can’t be selected. "
true,"8, Thursday, August 2024. Past dates can’t be selected. "
true,"9, Friday, August 2024. Past dates can’t be selected. "
true,"10, Saturday, August 2024. Past dates can’t be selected. "
true,"11, Sunday, August 2024. Past dates can’t be selected. "
true,"12, Monday, August 2024. Past dates can’t be selected. "
true,"13, Tuesday, August 2024. Past dates can’t be selected. "
true,"14, Wednesday, August 2024. Past dates can’t be selected. "
true,"15, Thursday, August 2024. Past dates can’t be selected. "
true,"16, Friday, August 2024. Past dates can’t be selected. "
true,"17, Saturday, August 2024. Past dates can’t be selected. "
true,"18, Sunday, August 2024. Past dates can’t be selected. "
true,"19, Monday, August 2024. Past dates can’t be selected. "
true,"20, Tuesday, August 2024. Past dates can’t be selected. "
true,"21, Wednesday, August 2024. Past dates can’t be selected. "
true,"22, Thursday, August 2024. Past dates can’t be selected. "
true,"23, Friday, August 2024. Past dates can’t be selected. "
true,"24, Saturday, August 2024. Past dates can’t be selected. "
true,"25, Sunday, August 2024. Past dates can’t be selected. "
true,"26, Monday, August 2024. Past dates can’t be selected. "
true,"27, Tuesday, August 2024. Past dates can’t be selected. "
true,"28, Wednesday, August 2024. Past dates can’t be selected. "
true,"29, Thursday, August 2024. Past dates can’t be selected. "
true,"30, Friday, August 2024. Past dates can’t be selected. "
true,"31, Saturday, August 2024. Past dates can’t be selected. "
,
,
,
,
true,"1, Thursday, August 2024. Past dates can’t be selected. "
true,"2, Friday, August 2024. Past dates can’t be selected. "
true,"3, Saturday, August 2024. Past dates can’t be selected. "
true,"4, Sunday, August 2024. Past dates can’t be selected. "
true,"5, Monday, August 2024. Past dates can’t be selected. "
true,"6, Tuesday, August 2024. Past dates can’t be selected. "
true,"7, Wednesday, August 2024. Past dates can’t be selected. "
true,"8, Thursday, August 2024. Past dates can’t be selected. "
true,"9, Friday, August 2024. Past dates can’t be selected. "
true,"10, Saturday, August 2024. Past dates can’t be selected. "
true,"11, Sunday, August 2024. Past dates can’t be selected. "
true,"12, Monday, August 2024. Past dates can’t be selected. "
true,"13, Tuesday, August 2024. Past dates can’t be selected. "
true,"14, Wednesday, August 2024. Past dates can’t be selected. "
true,"15, Thursday, August 2024. Past dates can’t be selected. "
true,"16, Friday, August 2024. Past dates can’t be selected. "
true,"17, Saturday, August 2024. Past dates can’t be selected. "
true,"18, Sunday, August 2024. Past dates can’t be selected. "
true,"19, Monday, August 2024. Past dates can’t be selected. "
true,"20, Tuesday, August 2024. Past dates can’t be selected. "
true,"21, Wednesday, August 2024. Past dates can’t be selected. "
true,"22, Thursday, August 2024. Past dates can’t be selected. "
true,"23, Friday, August 2024. Past dates can’t be selected. "
true,"24, Saturday, August 2024. Past dates can’t be selected. "
true,"25, Sunday, August 2024. Past dates can’t be selected. "
true,"26, Monday, August 2024. Past dates can’t be selected. "
true,"27, Tuesday, August 2024. Past dates can’t be selected. "
true,"28, Wednesday, August 2024. Past dates can’t be selected. "
true,"29, Thursday, August 2024. Past dates can’t be selected. "
true,"30, Friday, August 2024. Past dates can’t be selected. "
true,"31, Saturday, August 2024. Past dates can’t be selected. "
